	mzmed
0	119.947089148157
1	129.97774150376
2	133.992224919333
3	134.007126463422
4	139.03973817651698
5	146.965641329256
6	158.97807962990498
7	159.979523582355
8	162.982727543766
9	164.984078896319
10	165.040596904389
11	165.978648565106
12	166.98126947065902
13	167.974542153836
14	168.97757786961202
15	173.030012831721
16	174.001475758301
17	174.955617901783
18	180.899322497559
19	180.97256553377701
20	181.07123362812
21	190.927627665868
22	195.068475156247
23	197.96212800063302
24	204.08746031883203
25	204.123077948326
26	206.971763699893
27	207.01111048665402
28	207.97518070127103
29	210.990953724645
30	214.95213405305802
31	215.003835539453
32	223.02715796426497
33	226.96469970209202
34	227.20023065087503
35	227.966181247029
36	228.203642810371
37	228.96307791040402
38	229.915004608884
39	233.153227400608
40	233.965096157093
41	235.92466274651298
42	236.104261431665
43	237.221053412315
44	239.058377364683
45	239.065739195176
46	239.200128496253
47	240.05906712083697
48	240.203535228476
49	240.90942825898898
50	240.90939156151
51	241.21582745826802
52	242.219232758561
53	242.94190218427002
54	244.962155859078
55	246.959113801648
56	248.07882980922
57	248.959111615246
58	249.14801956212298
59	249.962560756974
60	250.95550680944697
61	250.96349388192996
62	251.200030387695
63	252.203434389444
64	252.995173358608
65	253.215666624619
66	254.21909180655499
67	255.231443552743
68	255.350116897904
69	255.38264662157601
70	255.42920647024
71	255.51099703261102
72	255.539369571174
73	255.614651085232
74	255.743215667047
75	256.234879823547
76	257.237822557867
77	258.240524279821
78	259.24332019371496
79	260.939618232137
80	261.22122210606096
81	262.224641262761
82	262.974690105461
83	263.163539839221
84	263.236888735205
85	263.875870456371
86	264.240276205069
87	265.146384619533
88	265.21564149510505
89	265.25223034672996
90	265.873419332901
91	265.948950399
92	266.219029268563
93	267.156014643049
94	267.23159257285
95	268.23499710592097
96	269.21056305939
97	269.238837581335
98	269.247217525469
99	269.27843388127496
100	270.214000585313
101	270.250608311561
102	270.281818272441
103	271.22619659286596
104	271.226217776895
105	271.25355604617994
106	271.285173254057
107	272.229626023736
108	272.229613320223
109	272.29052817207804
110	272.957274807581
111	273.28945248418
112	273.95857028307597
113	274.001893784476
114	274.955612091491
115	275.163615016791
116	275.957163636134
117	277.179280389178
118	277.215638711981
119	277.215639142651
120	277.215671575592
121	278.219083688991
122	278.219040841324
123	279.17897269422997
124	279.2326083154
125	279.31213427239396
126	279.356197843872
127	279.38843945893296
128	279.45336220912003
129	279.524495119155
130	279.5544043664
131	279.634170685576
132	279.72034760283697
133	279.769450630923
134	279.821813729789
135	279.910948931059
136	280.110007128721
137	280.20264305122004
138	280.235150787777
139	280.357723241963
140	280.43655327854196
141	280.526391328694
142	280.632784192419
143	280.743052436241
144	280.772187348685
145	281.19417056398
146	281.248168631335
147	281.238441049472
148	281.24682933629
149	281.246992911663
150	281.246716665865
151	281.246820283621
152	281.246796721142
153	281.246728179573
154	281.246820234627
155	281.246831804185
156	281.246818143898
157	281.24685953629904
158	281.24681075096197
159	281.246815752266
160	281.246878884343
161	281.24682263595
162	281.32826638459
163	281.342142650719
164	281.37225214979196
165	281.404800015391
166	281.468567924662
167	281.54111237765596
168	281.571086641685
169	281.650644101553
170	281.67723755309
171	281.757797243312
172	281.786980866086
173	281.83928073877104
174	281.929070261509
175	282.128617771337
176	282.219451679571
177	282.250813277423
178	282.241723740431
179	282.272339223438
180	282.37369013408403
181	282.453058420295
182	282.54356907549
183	282.650493392412
184	282.78536851646
185	283.135708585226
186	283.262734144764
187	283.253904966194
188	283.262458124758
189	283.24488141885297
190	283.387783023085
191	283.422120751132
192	283.471535320438
193	283.557248832788
194	283.586984778026
195	283.666332693065
196	283.777097474495
197	283.803179718741
198	284.25683215632006
199	284.266148488511
200	285.158616183167
201	285.259643865523
202	285.269229070019
203	286.272019551085
204	286.30425261427996
205	286.972846059649
206	287.009286760385
207	287.285005345738
208	287.274790278452
209	287.973624020246
210	288.291282158344
211	288.934864933327
212	288.971119491674
213	289.179272070027
214	289.294699747041
215	289.938243582142
216	290.29771011219896
217	290.933627236663
218	293.174563705917
219	293.174822880218
220	293.17482079841
221	293.174296022505
222	293.174335762509
223	293.174501063233
224	293.174396129998
225	293.174267281206
226	293.21065090241797
227	293.247301931331
228	294.21407398203604
229	294.250694121101
230	294.880714998852
231	295.18752554703497
232	295.226271117669
233	295.226330024744
234	295.22675084429795
235	295.262914323943
236	296.191018307443
237	296.22973707446
238	296.229760677833
239	296.266333467275
240	297.151588186752
241	297.151992644667
242	297.151987010479
243	297.232984881679
244	297.24190875676004
245	297.241848691126
246	297.241987418505
247	297.278472204366
248	297.269509115424
249	298.154853019139
250	298.245343128704
251	298.235605491967
252	298.245417292962
253	298.28185028361196
254	298.30464478353804
255	299.00070156529597
256	299.149799407871
257	299.257362517393
258	299.248470392995
259	299.308040147466
260	299.315625011494
261	300.260968496768
262	300.31391010657
263	300.319997572781
264	301.23703827668
265	301.323355400718
266	301.312731195171
267	302.328976233911
268	302.950646606309
269	303.327625923926
270	303.910536528074
271	303.952506896321
272	304.910408682169
273	305.089759450165
274	305.229484530496
275	305.910951595309
276	306.907533991131
277	307.187711331024
278	307.226590099684
279	307.245560987862
280	307.263175669633
281	308.266611539023
282	309.172398252545
283	309.242103360967
284	309.27867449266
285	310.245582624945
286	310.282121352723
287	310.92882025232996
288	311.167905348517
289	311.167905825162
290	311.167547263965
291	311.167450268439
292	311.2036433698
293	311.248484702881
294	311.257490363577
295	311.285360357042
296	311.29426829773604
297	311.908379125532
298	312.176922093609
299	312.170745625504
300	312.171183912584
301	312.17118028954496
302	312.251242885229
303	312.297737986779
304	312.28823898983796
305	313.07728138112003
306	313.16608520940497
307	313.190399352245
308	313.220405881399
309	313.23711676569803
310	313.300791560395
311	314.077990650006
312	314.193830178983
313	314.240537021819
314	314.303658822874
315	315.07528196973203
316	315.187829937577
317	315.243383443634
318	315.252816306681
319	316.256221391376
320	316.946788604221
321	316.946589802275
322	317.208483692657
323	317.950238503563
324	318.92718892322
325	318.951233091937
326	318.96166717995203
327	319.18775477689496
328	319.888070587944
329	321.203501099523
330	321.222997934519
331	322.206986542966
332	322.939985430653
333	323.16734564023
334	323.219371605798
335	323.907885833975
336	324.222885359722
337	325.18365191936
338	325.183179735868
339	325.18363528455797
340	325.183275496675
341	325.18303973757
342	325.22594178162603
343	325.237695753387
344	325.273775789043
345	325.309996414326
346	326.186418423828
347	326.18690489426
348	326.187002827911
349	326.240894570024
350	326.277153557644
351	326.313400372777
352	326.902266284925
353	327.181896467486
354	327.25335669172995
355	327.252774022768
356	327.28933698405604
357	328.256657528832
358	328.25616923164904
359	329.268557228196
360	329.26840676845296
361	329.258964781502
362	330.271797558071
363	330.962601428255
364	330.9494747563
365	331.203110378065
366	332.206519791897
367	333.20053941725604
368	333.203372045279
369	333.21872271178603
370	333.261307311954
371	333.936525755173
372	334.203725946623
373	334.222147458858
374	335.17463031942503
375	335.206470336413
376	335.216164090309
377	335.276626805994
378	336.21935011521
379	337.209302519693
380	337.22193169441005
381	337.234784091824
382	337.273957083168
383	337.30973417984796
384	338.193309363859
385	338.23688465078703
386	338.277339967049
387	338.31309262978
388	339.200484385984
389	339.198580151941
390	339.19859123987203
391	339.233405824649
392	339.23195221812
393	339.273316003334
394	339.325264941986
395	340.201984373962
396	340.208243607826
397	340.236652337271
398	340.235223163127
399	340.328717441818
400	340.944852006819
401	341.10751714823
402	341.197483518563
403	341.211405386035
404	341.221481176111
405	341.23447976307597
406	341.248829707676
407	341.26874284263
408	341.268167969211
409	341.30483974422197
410	341.33184838012903
411	342.24915280001096
412	342.308261896535
413	342.33475728909
414	343.218806421107
415	343.246069123342
416	345.16689761104203
417	345.203244126457
418	346.206692662657
419	347.219372890033
420	348.22289572279294
421	349.23519426871695
422	350.238708982826
423	350.926864804628
424	351.219803757814
425	351.23427334527605
426	351.25053613193495
427	351.250194417398
428	351.289787223379
429	351.32548298014297
430	352.254052297893
431	353.13027674887496
432	353.1998482592
433	353.185335702753
434	353.21062413726304
435	353.256777195268
436	353.249862138078
437	353.24941699710604
438	353.304988431006
439	353.34118732231
440	354.13367925290703
441	354.308382097281
442	354.344592169151
443	354.946002048567
444	355.128202933675
445	355.20062276759904
446	355.320762383064
447	355.34774498857297
448	355.948557918568
449	356.324180954298
450	356.922556842914
451	356.942077362548
452	357.209668711341
453	357.198403569441
454	357.29820315624704
455	358.229150629208
456	359.225306311454
457	361.198584611677
458	361.25583466713096
459	361.890560932346
460	362.19336017130206
461	362.202034489547
462	363.176217752205
463	363.193672045516
464	363.213872973584
465	363.213979134497
466	363.25066578752296
467	363.30795235625504
468	364.200861746767
469	364.21692542408897
470	364.25409321546
471	365.139305486884
472	365.229279976408
473	365.22935902028
474	365.266209494384
475	365.341265060709
476	366.250000332463
477	366.344661238791
478	367.17999865941596
479	367.190391873426
480	367.200902096666
481	367.246681800782
482	367.347885782444
483	367.356909086554
484	368.183324463096
485	368.204214219088
486	368.265765061303
487	368.27932607037906
488	368.360362625797
489	369.177001321107
490	369.212299015534
491	369.252850905883
492	369.26249794990196
493	369.26189957552594
494	369.30040405666296
495	369.310548790495
496	369.363464512123
497	370.256361984596
498	370.303780227649
499	371.25078921733706
500	371.260053610617
501	371.260421686414
502	371.309123873598
503	373.275655224634
504	374.213959488865
505	375.21067361798896
506	376.213099588171
507	376.229451896277
508	377.1306833247701
509	377.20803772385904
510	377.226398003957
511	377.22974646511705
512	377.266347498363
513	378.210963848057
514	378.228819878927
515	378.23322646570296
516	378.269806547233
517	379.12863005757896
518	379.146373182167
519	379.155068410118
520	379.185170271751
521	379.20842026996104
522	379.22367051146597
523	379.25105926088503
524	379.235463419981
525	379.281911438228
526	380.15825759583197
527	380.20303320846904
528	380.226564404694
529	380.24101745821406
530	380.285377025217
531	381.144300780035
532	381.16168287937995
533	381.224535714664
534	381.28823780068495
535	381.372633208351
536	382.165082854597
537	382.228192896891
538	382.24427097434
539	382.376052861149
540	383.159763845787
541	383.17403794389196
542	383.217962002311
543	383.240249338748
544	383.332940765008
545	383.352098221724
546	384.355618646169
547	384.934396842585
548	384.93410131724295
549	385.18998402134497
550	385.23301815797004
551	385.331343464474
552	385.33203174826
553	385.937819354243
554	386.938826210052
555	388.93650363865504
556	389.162024613666
557	389.19101932927595
558	390.16537317934404
559	390.194436834701
560	391.03044469766405
561	391.15934687052396
562	391.177645958815
563	391.206984906534
564	391.33947937681296
565	392.162583828001
566	392.18096136436304
567	392.210424306464
568	392.316700797554
569	393.170810366978
570	393.20430802429803
571	393.240343362734
572	393.29759914451205
573	394.17392037327903
574	394.1991759217
575	394.21934344530297
576	394.256218727441
577	394.30093511264295
578	394.88653313389
579	394.889943979313
580	395.15150107867106
581	395.240000758732
582	395.25596321309195
583	395.388293188926
584	395.888877326635
585	396.154490075858
586	396.24389728386296
587	396.260056462727
588	396.27186729477006
589	396.391707871915
590	396.883768287817
591	397.22552426095
592	397.243353783071
593	397.255925616395
594	397.274997443325
595	397.284246274484
596	397.88619676583
597	398.287607103784
598	398.875595009952
599	398.95014173394
600	399.146712863434
601	399.19080731725
602	399.255198127787
603	399.281939150943
604	399.291615004677
605	399.328141308984
606	400.194740707935
607	400.220759389144
608	401.16262654833804
609	401.18891848112196
610	401.206473133204
611	401.217237666577
612	401.307373980905
613	402.192654406112
614	402.219733562643
615	402.210177501062
616	402.236430805298
617	402.915582643535
618	403.204355715317
619	403.232960588179
620	403.91691362416606
621	404.20659629639
622	404.235467671499
623	404.914423979849
624	405.217282978551
625	405.2300796404
626	405.267382741755
627	405.29763926668403
628	405.30013243359
629	406.270651386934
630	406.30356988457703
631	407.140919300842
632	407.18653740065
633	407.282216311427
634	407.26768912196997
635	407.315936003364
636	407.31328206186305
637	407.352591027361
638	408.240882115135
639	408.27218691688796
640	408.31676029683604
641	408.31935147912804
642	408.932454502745
643	409.13884525896697
644	409.238060228108
645	409.31024558100995
646	409.31930031672005
647	409.322842005972
648	409.331605606959
649	410.313689881803
650	411.19171803649397
651	411.206036841247
652	411.879808313699
653	412.25326464196297
654	413.191113460371
655	413.221380208118
656	413.250325611016
657	414.194468124441
658	414.268775692564
659	415.16116748893995
660	415.26580899251
661	416.18019061350503
662	416.93112218001295
663	417.1603777908
664	417.177592888935
665	417.209749567144
666	417.222872898195
667	418.177754893031
668	418.195643593545
669	418.22144375528
670	418.892664606307
671	419.176633299367
672	419.218331998712
673	419.227835064094
674	419.23834386114
675	419.352229588118
676	419.352266714237
677	419.352862971769
678	419.89412625879504
679	420.193172745997
680	420.219911027059
681	420.230248097014
682	420.241811827466
683	420.23689457009397
684	420.89103506110496
685	421.099495807583
686	421.14148225234
687	421.17261619135695
688	421.216460750982
689	421.233125574232
690	421.292968473769
691	421.328974712448
692	422.218924362025
693	422.23520484613
694	422.332346771613
695	422.86039093892305
696	423.096871742513
697	423.188630070744
698	423.222925271131
699	423.23122979518996
700	423.25882051945297
701	423.287439367471
702	423.310937805533
703	423.419666618863
704	424.302940280085
705	424.314322544211
706	424.858060055187
707	425.274705265213
708	425.306132307326
709	425.31569085951696
710	425.327041887222
711	426.33047073869204
712	426.92282148114
713	427.34029937704497
714	428.34213706196505
715	429.102018475055
716	429.338762887799
717	430.10553678441
718	430.34189310910205
719	431.100222956351
720	431.117672784984
721	431.127992534226
722	431.163480217513
723	431.17076204074897
724	431.20086136435697
725	431.238383450354
726	431.295989937539
727	431.315916534858
728	432.13059886248396
729	432.17415077816
730	432.203615473614
731	432.889199644217
732	432.90848690782997
733	433.097809995888
734	433.126033913889
735	433.143682877836
736	433.217025844025
737	433.32897349351305
738	433.33221806715403
739	433.891470593632
740	434.868407192012
741	434.888110212017
742	435.14180452098503
743	435.177701161214
744	435.231804456477
745	435.313675383184
746	435.34471298116205
747	435.383698337519
748	436.348178625218
749	437.20006022871803
750	437.224368834318
751	437.327054032982
752	437.351068171269
753	438.17155299177597
754	438.253192847134
755	438.31868843493993
756	438.330523531208
757	439.200421569213
758	439.22240537585196
759	439.24989017860497
760	440.187241025279
761	440.252556773771
762	440.26842620322503
763	441.15736272199996
764	441.25258866072403
765	441.25187418133794
766	441.26495986672006
767	441.32213416800397
768	441.33655131365896
769	441.35807586759
770	442.16588451194394
771	442.361456593356
772	443.16842610405604
773	443.292951425995
774	444.203336680642
775	444.218116138141
776	445.13378588126096
777	445.225082457805
778	445.21756448276903
779	445.238085813284
780	445.253962367159
781	445.351306382255
782	446.257393059615
783	446.37579516322603
784	447.220660063367
785	447.230433551512
786	447.269689082073
787	447.347352534504
788	447.379145150513
789	448.160467718051
790	448.222555408847
791	448.23985542010905
792	448.27316915962007
793	448.350705014578
794	448.884306355141
795	449.21152412681
796	449.23629906533597
797	449.32677013293295
798	449.360344406001
799	450.330147805966
800	451.16165326271795
801	451.15907185928495
802	451.204457232703
803	451.227318277207
804	451.318754007398
805	451.342572784625
806	451.379193359728
807	452.334332972804
808	452.346043990327
809	452.382585007575
810	452.410397428926
811	452.92217939978104
812	452.921906443564
813	453.177891860084
814	453.189280327062
815	453.22007585865504
816	453.30630586179495
817	453.337598194464
818	453.413671608751
819	453.925589345171
820	454.190417547884
821	454.926607559336
822	455.17245133948
823	455.185840457843
824	455.19453668336405
825	455.206257668023
826	456.18263047001506
827	457.178867114917
828	457.185364919226
829	457.331552702546
830	457.331640997661
831	457.370198484816
832	458.182266116791
833	458.33949683730003
834	459.194742092106
835	459.326400953821
836	460.198174695995
837	461.285350104701
838	461.36300209392
839	462.877745563594
840	463.139450090296
841	463.17704941103403
842	463.22633275757795
843	463.24341547159503
844	463.342977954841
845	463.342371181742
846	463.37600889594
847	464.14256687367896
848	464.17185162137804
849	464.25799692510003
850	465.242926800886
851	465.27214016563204
852	466.166606396894
853	466.18732246069
854	466.937964610707
855	467.169051043518
856	467.17802248465205
857	468.16972296393
858	468.182295319882
859	468.18114897931997
860	469.184732411061
861	469.17552448822096
862	469.193790814077
863	469.284005151111
864	469.389056617241
865	470.18551890289496
866	470.178381514225
867	470.197389971728
868	470.196962215057
869	471.10583670310797
870	471.19130367126803
871	471.199969001914
872	471.22211864193605
873	471.3473093293401
874	472.10854017753303
875	472.131776413684
876	472.19413193703105
877	472.22324583058196
878	473.10353208660894
879	473.15401764142194
880	473.220262559087
881	473.28201261308897
882	473.36300477931394
883	473.399403865941
884	474.285327128694
885	474.402796452612
886	475.23586568633203
887	475.301136002494
888	475.378607594409
889	475.379554923246
890	475.405764437556
891	476.304603356511
892	477.307341033479
893	477.358121836576
894	478.20160465930803
895	478.194346506025
896	478.36161968147695
897	479.303900837108
898	479.373731286391
899	480.183262744153
900	480.20985440617204
901	480.37714112365995
902	481.11113043134804
903	481.186020816548
904	481.17902833986705
905	481.210609309826
906	481.37983894578696
907	482.186855469505
908	482.198956762119
909	482.312732579161
910	483.146581745885
911	483.225640298534
912	484.21394289920096
913	485.14485461123
914	485.16293305505997
915	486.880356771039
916	487.161318076722
917	487.22614063801694
918	487.297819148262
919	487.37748697993
920	488.229653792886
921	488.350333145355
922	489.31685251580905
923	489.37548653090795
924	490.320228103713
925	491.176886082772
926	491.228014469673
927	491.275078532927
928	491.337636104573
929	492.28855329386903
930	492.34126926067495
931	492.366244015917
932	493.262814124108
933	493.389469886096
934	494.19802379451204
935	494.392872336954
936	495.369084354075
937	496.176503523119
938	496.21370078195605
939	496.372798677203
940	497.31542885287
941	498.228835855392
942	499.116515387149
943	499.139554092862
944	499.15255697377404
945	499.188371352751
946	499.22640528742005
947	499.28376605789396
948	499.30389519199304
949	499.377613455762
950	500.11961426465996
951	500.191372513881
952	500.379440330058
953	501.114768305337
954	501.13983725574303
955	501.13219615032403
956	501.204121418313
957	501.316339659793
958	501.375715928972
959	501.39303705742105
960	502.395014744263
961	503.13045318259003
962	503.332613144416
963	503.39144270059097
964	504.218380517862
965	504.33605491743
966	504.394543884341
967	505.228456195296
968	505.338476903709
969	506.23335593814903
970	507.193148985085
971	507.22450903855
972	507.368868423334
973	508.195197824676
974	508.372327927185
975	509.205558246156
976	509.240344252652
977	509.38388483799696
978	509.37595671440005
979	510.20900833225
980	511.47324477653297
981	512.476679332155
982	513.155811969388
983	513.242027206247
984	513.479796695999
985	514.245388640056
986	514.893029845979
987	515.159937587557
988	515.257643774868
989	515.391437966573
990	516.2610873411239
991	516.3945989441851
992	517.263807092024
993	517.4814960016901
994	518.484853874314
995	519.148989509954
996	519.149707966745
997	519.192004427348
998	519.251512147433
999	519.306539317874
1000	519.405213479648
1001	520.31976536157
1002	520.408122769107
1003	520.910123873333
1004	520.909754980456
1005	521.207921202834
1006	521.29525897588
1007	521.348605196118
1008	521.913535773754
1009	522.297615639334
1010	522.914554583108
1011	524.887341746094
1012	525.166899310487
1013	526.170456323136
1014	527.182812098144
1015	527.315000521853
1016	527.407776224111
1017	527.4466467948471
1018	527.527022660686
1019	528.450035032636
1020	529.215798618586
1021	529.273227365125
1022	529.280494042139
1023	529.366444346847
1024	529.423576538121
1025	529.461689651757
1026	530.283886188128
1027	530.426953604147
1028	530.465507726384
1029	530.8657175291539
1030	531.127463964647
1031	531.164243403376
1032	531.214232764448
1033	531.231467448918
1034	531.286671962643
1035	531.468756001306
1036	532.24025053819
1037	532.8730807105529
1038	533.17224528985
1039	533.230815660722
1040	533.2600488243789
1041	533.38326824816
1042	533.455313769062
1043	534.458729786006
1044	534.9259076377749
1045	535.16576627216
1046	535.466292616487
1047	536.168827716308
1048	536.395445848743
1049	536.473139179649
1050	536.884037236135
1051	537.163157847099
1052	537.181572040151
1053	537.271805948072
1054	538.1847785857921
1055	538.276000795911
1056	539.179135973803
1057	540.181936971128
1058	541.1422824365291
1059	541.48165555739
1060	543.289011094968
1061	544.292452005193
1062	545.295050464606
1063	545.383302102848
1064	546.270708898017
1065	547.398927048189
1066	547.473682599064
1067	548.432266640896
1068	548.505493616837
1069	549.166908163679
1070	549.3257373996599
1071	549.4298266196421
1072	549.508847990136
1073	550.261885462819
1074	550.433000190038
1075	550.512190422421
1076	551.136752378528
1077	551.431544693412
1078	551.504904218104
1079	552.277434677795
1080	553.134953178497
1081	553.153372854889
1082	553.870961044403
1083	554.873060781514
1084	554.869819876302
1085	555.151876774343
1086	555.213991427918
1087	555.31125105024
1088	555.346653874897
1089	555.390634488122
1090	555.4392138332
1091	555.480998508343
1092	555.870237805376
1093	556.442584760513
1094	556.8722418943499
1095	557.304753816296
1096	557.455514024989
1097	557.8671891125599
1098	558.308233299863
1099	558.458946415611
1100	558.869070960025
1101	559.263173391748
1102	559.399083173544
1103	559.474114989076
1104	559.864125379132
1105	560.270955689525
1106	560.477588921741
1107	561.2036177777929
1108	561.250903968655
1109	561.291526095897
1110	561.43793386005
1111	561.481123802282
1112	562.484555413281
1113	563.488345707506
1114	563.5054904023619
1115	564.344435460904
1116	564.3447521516661
1117	564.481853569459
1118	564.508961861506
1119	565.303187103984
1120	565.347649595523
1121	565.34776640863
1122	565.482407890335
1123	565.512232498372
1124	565.5200865947451
1125	566.350765898985
1126	566.485765283869
1127	566.515293177994
1128	566.523652540131
1129	567.104733045202
1130	567.17534460925
1131	567.214301104273
1132	567.271549823818
1133	567.489572122231
1134	567.517739319645
1135	567.5361619523529
1136	568.172129087242
1137	568.512815170187
1138	568.539605881877
1139	569.1032618149379
1140	569.120784002719
1141	569.305147741263
1142	569.45571567501
1143	569.513793157685
1144	569.542774737584
1145	570.459104607766
1146	570.517357151458
1147	570.545667539702
1148	571.11907559358
1149	571.3204889982791
1150	571.343230622585
1151	571.471270269878
1152	571.497414591729
1153	571.5207876897709
1154	572.323910872449
1155	572.346784806694
1156	572.4328833549009
1157	572.500588221225
1158	573.2170720993071
1159	573.326579071613
1160	573.39603107676
1161	573.486978937839
1162	573.49575406342
1163	573.508888979226
1164	573.5444147026731
1165	574.399247536491
1166	574.448646623149
1167	574.490306859297
1168	574.497298199395
1169	574.5477632585221
1170	575.394458538476
1171	576.393774799609
1172	576.463672447941
1173	577.228118732009
1174	577.423787861879
1175	577.4667755554419
1176	579.4384917225531
1177	579.4486139966381
1178	580.339179399179
1179	580.451322725545
1180	581.193126649251
1181	581.2297271878799
1182	581.400141616986
1183	581.456134337991
1184	581.526230438752
1185	581.566043667837
1186	582.233298227267
1187	582.4595875157551
1188	582.510351654059
1189	582.529417626094
1190	582.569489710556
1191	582.880702776269
1192	583.245453399191
1193	583.415882907075
1194	583.463526398456
1195	583.471490704267
1196	584.248925830889
1197	584.419391259768
1198	584.526110004022
1199	584.5931100632511
1200	585.4875249191381
1201	585.529296627334
1202	585.596655485252
1203	586.473323465284
1204	586.490984696406
1205	586.60007754481
1206	587.137296855238
1207	587.2945001016369
1208	587.494311688016
1209	587.501946790146
1210	588.302679248508
1211	588.497583928049
1212	588.505747660669
1213	588.897988312705
1214	588.897529722428
1215	589.282271809878
1216	589.450848751187
1217	589.483165149995
1218	589.500656295582
1219	589.518186934906
1220	589.901391493099
1221	590.521645678739
1222	590.902359171287
1223	591.414303330057
1224	591.4986708911811
1225	591.524888376819
1226	592.458288869732
1227	592.527846476282
1228	592.874948702624
1229	593.154777279623
1230	593.551612260879
1231	594.3967078756681
1232	594.555226302273
1233	595.302988391564
1234	595.4250702287429
1235	596.3340412520861
1236	596.4290885017971
1237	597.203419093737
1238	597.261152598118
1239	597.393814702515
1240	597.411318808962
1241	597.430290165757
1242	597.450492605789
1243	598.396983319525
1244	598.414698338936
1245	598.4336854301799
1246	598.454060574441
1247	598.516522315358
1248	598.505341518455
1249	598.853383418412
1250	599.115507835754
1251	599.15234371655
1252	599.2191127817749
1253	599.351160276599
1254	599.374496744833
1255	599.3919318410119
1256	599.433452343433
1257	599.46277138629
1258	599.502389436464
1259	599.519760574291
1260	599.528676078834
1261	600.227279862895
1262	600.434584004352
1263	600.466430594165
1264	600.531945481473
1265	601.2485565661609
1266	601.443150596766
1267	601.461604058042
1268	601.5163931834111
1269	601.52746074532
1270	602.446591389739
1271	602.465036164171
1272	602.48496281921
1273	602.529395545998
1274	602.913760261017
1275	603.11114842774
1276	603.1533014862471
1277	603.369289378783
1278	603.449415011691
1279	603.464377377879
1280	603.4818867237831
1281	603.475953626216
1282	603.548010636953
1283	604.4655009226329
1284	604.484549700156
1285	604.551331913001
1286	604.871622993862
1287	605.1505020629049
1288	605.169144815099
1289	605.2595148351529
1290	605.479992627313
1291	605.492189733327
1292	606.172397737651
1293	606.481685124257
1294	606.495570892645
1295	606.51617147447
1296	606.574883882328
1297	607.166728799044
1298	607.422267592659
1299	607.494972340284
1300	607.513248590153
1301	607.578700912888
1302	608.425609431524
1303	608.515403860085
1304	608.582077533743
1305	609.393270194003
1306	609.428369463851
1307	609.426610588178
1308	609.450213248101
1309	609.510315061474
1310	609.557689861054
1311	610.51135756474
1312	610.560986808801
1313	611.276785119893
1314	611.398955333672
1315	611.410984877583
1316	611.429231415183
1317	611.440521997228
1318	611.465852809034
1319	611.5023716868831
1320	611.502486956216
1321	611.543657305602
1322	611.5639478088681
1323	612.280314675314
1324	612.328981908112
1325	612.414347053635
1326	612.412218138202
1327	612.469258744645
1328	612.505722812656
1329	613.282735768982
1330	613.407508390717
1331	613.444857998171
1332	613.480849531783
1333	613.50210554098
1334	613.50491745679
1335	613.518046726043
1336	613.517312217264
1337	614.44832250897
1338	614.4846421632969
1339	614.52135970926
1340	614.520943306561
1341	615.449333133542
1342	615.5337291866
1343	616.5372050171441
1344	616.5367550770881
1345	617.154723625947
1346	617.31370494094
1347	617.417319588401
1348	617.49669114905
1349	617.516425568462
1350	617.540388858256
1351	617.549008283031
1352	618.423846191636
1353	619.125372230174
1354	619.1707329818109
1355	619.42226795823
1356	619.494601992864
1357	619.566767997397
1358	619.567463453194
1359	620.425619938457
1360	620.498041184269
1361	621.141942108674
1362	621.185943613966
1363	621.396274715572
1364	621.437864305031
1365	621.469529557085
1366	621.501067132784
1367	621.5822226072149
1368	622.399673029249
1369	622.441266073179
1370	623.140374623694
1371	623.33424298432
1372	623.3958748372401
1373	623.426924381251
1374	623.44424219356
1375	623.5523388557721
1376	623.598780379373
1377	624.398397169591
1378	624.412407506544
1379	624.43037455822
1380	624.446923153181
1381	624.602170901851
1382	625.292526069218
1383	625.427596040593
1384	625.443226043589
1385	625.502705607097
1386	626.2961988717
1387	626.4309165984449
1388	626.4466953887011
1389	626.505962307974
1390	626.547907357167
1391	627.250814879152
1392	627.426979089498
1393	627.476159876981
1394	627.551093214708
1395	627.559653975571
1396	628.2580580141471
1397	628.479567574712
1398	628.553876579655
1399	628.563113273042
1400	629.238462233184
1401	629.279658845615
1402	629.418563600016
1403	629.458802253775
1404	629.475139202308
1405	629.4918596824659
1406	629.558898738528
1407	630.461852801541
1408	630.477444818844
1409	630.495223102472
1410	631.4568807889881
1411	631.4804020581099
1412	631.4907489542479
1413	631.480182652621
1414	631.507235644619
1415	632.492994053312
1416	633.290990409916
1417	633.426949703825
1418	633.4379399488761
1419	633.470070915512
1420	634.4414069435479
1421	634.430290479478
1422	635.0929598903331
1423	635.202032874663
1424	635.438823175327
1425	635.442602328679
1426	635.489291619733
1427	635.510929236887
1428	635.508262234649
1429	635.527076607096
1430	636.446039410258
1431	636.5137645051519
1432	636.530492363966
1433	637.10910158774
1434	637.4427129225
1435	637.4520066226339
1436	637.505064017177
1437	637.5013520421701
1438	637.5888900675869
1439	638.455050341003
1440	638.50848996454
1441	638.592225666056
1442	639.308217061782
1443	639.413815586725
1444	639.4560504447451
1445	639.458114315412
1446	639.4981111139759
1447	639.5114855847451
1448	639.520743077235
1449	639.5581634584639
1450	639.595265900925
1451	640.311690907777
1452	640.514203303645
1453	640.524147434375
1454	640.561622451389
1455	641.2664389898371
1456	641.401822122191
1457	641.483351749402
1458	641.476591349467
1459	641.532311344227
1460	641.527129361857
1461	641.536256790242
1462	641.549296894795
1463	641.549127497365
1464	642.398833112747
1465	642.480003966042
1466	642.48639972634
1467	642.529830475837
1468	642.535444862644
1469	642.539650482299
1470	642.552681922697
1471	642.552574132937
1472	643.425890316633
1473	643.445211226155
1474	643.487000302353
1475	643.4829812625701
1476	643.564162549817
1477	644.485545550953
1478	644.568020581708
1479	645.215390558012
1480	645.382450517605
1481	645.47078738082
1482	645.513771560453
1483	645.531953738157
1484	645.580830385827
1485	646.430095493862
1486	646.433675032841
1487	646.474262948055
1488	646.516863164803
1489	646.58421766901
1490	647.436380135631
1491	647.425987077567
1492	647.436929707696
1493	647.45701940344
1494	647.476295268748
1495	647.489228819913
1496	647.587402454031
1497	648.491423118704
1498	649.2172942508071
1499	649.370562610284
1500	649.443822634821
1501	649.474719775736
1502	650.4472999193521
1503	650.4607625210031
1504	650.868101363087
1505	651.233148492637
1506	651.436912912719
1507	651.476072273433
1508	651.486593643853
1509	651.520785346326
1510	651.520375041303
1511	652.236705484757
1512	652.4795185919439
1513	652.491404142688
1514	652.588698081681
1515	653.457791231864
1516	653.4751821808529
1517	653.4753588218409
1518	653.498605999759
1519	653.491734927734
1520	654.4776151436071
1521	654.478633356458
1522	654.49519905314
1523	654.579155038022
1524	655.163508468421
1525	655.28222713634
1526	655.422376065462
1527	655.480732600643
1528	655.498430210378
1529	655.491782868879
1530	655.5073811122429
1531	655.582299018031
1532	656.166571209416
1533	656.289705871882
1534	656.4259322890271
1535	656.493397117695
1536	656.510953996784
1537	656.510930061825
1538	656.585059913141
1539	656.885729599869
1540	656.885074597924
1541	657.1613000772701
1542	657.269865544827
1543	657.450852743444
1544	657.505921664732
1545	657.507053316983
1546	657.495794146745
1547	657.514179813191
1548	657.523086938629
1549	657.88907071447
1550	658.164090211765
1551	658.454184608677
1552	658.509404869294
1553	658.5088027681189
1554	658.526534017045
1555	658.52648637118
1556	659.399477399573
1557	659.454019681324
1558	659.4890984484649
1559	659.512464996568
1560	659.522220307435
1561	660.524357476444
1562	660.862269756853
1563	661.142639049304
1564	661.505031094776
1565	662.5084454656591
1566	663.413409468077
1567	663.416796327065
1568	663.4307562527
1569	663.50141548668
1570	663.511562005247
1571	663.520597253963
1572	664.420185892847
1573	664.416845530394
1574	664.5143744888439
1575	664.524055878682
1576	665.1910920020671
1577	665.414831540527
1578	665.399486346453
1579	665.417738061081
1580	665.438089658803
1581	665.527155513869
1582	665.517029549407
1583	665.536250905081
1584	666.060320679868
1585	666.4029311133149
1586	666.417666292063
1587	666.42601417992
1588	666.530041165344
1589	666.539683956994
1590	666.840812394577
1591	667.1397217088289
1592	667.206927255166
1593	667.414063024716
1594	667.447980888756
1595	667.460753264679
1596	667.470982459191
1597	667.471205436221
1598	667.489916856568
1599	667.5325642991791
1600	667.5427821961911
1601	667.551944369964
1602	668.416611496244
1603	668.451394596822
1604	668.510450694803
1605	668.545656309606
1606	668.555404372093
1607	669.42424498021
1608	669.4309168281189
1609	669.449089359544
1610	669.446229796818
1611	669.469873112955
1612	669.4822722604271
1613	669.5482695388849
1614	669.567926004477
1615	669.558439180763
1616	669.580552427316
1617	670.434382592796
1618	670.426278740838
1619	670.4490111785431
1620	670.4574177353201
1621	670.561452501445
1622	670.583677472987
1623	670.901463074161
1624	671.140877951162
1625	671.4198073204631
1626	671.437032147581
1627	671.4455102901719
1628	671.48346370305
1629	671.595392412017
1630	672.421340540096
1631	672.570475947604
1632	672.599126576243
1633	672.8589480574819
1634	673.156681851002
1635	673.246815941873
1636	673.455165810487
1637	673.48016702017
1638	673.485372277705
1639	674.488084529648
1640	675.154476045063
1641	675.520234490945
1642	675.566095722961
1643	677.500087893671
1644	677.500129400456
1645	677.535870585869
1646	678.5034419905729
1647	678.4953493615351
1648	678.516908114881
1649	679.264449685074
1650	679.386803677215
1651	679.453616339628
1652	679.490037830944
1653	679.498589098962
1654	679.515113595618
1655	679.506256552603
1656	679.51438481558
1657	679.5515019764499
1658	679.6614375378231
1659	680.267941837848
1660	680.501457891432
1661	680.518839637902
1662	680.515883784019
1663	680.5109389810431
1664	680.620056898369
1665	680.664827926175
1666	681.416547252186
1667	681.431521798353
1668	681.458987856823
1669	681.505591135645
1670	681.512846404849
1671	681.5141674794339
1672	681.529917640236
1673	681.5299742451609
1674	681.52291705875
1675	681.668049655347
1676	682.435188817254
1677	682.46155671565
1678	682.509004269873
1679	682.51593213268
1680	682.5314697864981
1681	682.517115762237
1682	682.526574570107
1683	682.527146681036
1684	682.599408528905
1685	683.4631531372239
1686	683.460058824169
1687	683.5212810741771
1688	683.518236490124
1689	683.528476481463
1690	683.52935668602
1691	683.602629178216
1692	684.49320187933
1693	684.5248827320349
1694	684.52429751606
1695	684.53159411586
1696	684.520214283962
1697	684.531869474647
1698	684.542110475898
1699	684.5424397498371
1700	685.301044480444
1701	685.398737714252
1702	685.4048415158879
1703	685.4905158202649
1704	685.533937916556
1705	685.545320362174
1706	685.669397988833
1707	685.8497605143509
1708	686.402129874993
1709	686.4099390664869
1710	686.492987830844
1711	687.1584527506479
1712	687.396662345685
1713	687.4693250096769
1714	687.501561430992
1715	688.40084747966
1716	689.130037000606
1717	689.1736078578149
1718	689.4065608812219
1719	689.43005871956
1720	689.476572645963
1721	689.5173567350639
1722	690.4117243610859
1723	690.433465943795
1724	691.410988481502
1725	691.4147094971601
1726	691.4280231477769
1727	691.5518616962289
1728	691.589058767492
1729	692.413756332488
1730	692.418201267337
1731	692.4178020414461
1732	692.431568001768
1733	692.555267519081
1734	693.280192077126
1735	693.4098662612261
1736	693.430735149875
1737	693.434579793718
1738	693.490220251142
1739	694.4899295473241
1740	694.4899782196809
1741	695.23844714927
1742	695.483513628467
1743	695.4934369939031
1744	695.5835989425631
1745	696.2451539172681
1746	696.4861456330569
1747	696.5046234480029
1748	696.5870701112849
1749	696.6150615075121
1750	697.433255456933
1751	697.49925998505
1752	697.5990551203239
1753	698.4367490847541
1754	698.5942901839819
1755	699.43598209575
1756	699.467801242153
1757	699.497089620891
1758	699.5147538516251
1759	699.589492925968
1760	699.5976531988209
1761	700.40309127276
1762	700.5060017079599
1763	701.2782332179961
1764	701.372868076268
1765	701.6434084658799
1766	702.376206259946
1767	702.5173391060339
1768	702.6468258434011
1769	703.370883315446
1770	703.448197096859
1771	703.446718896022
1772	703.498606389954
1773	703.496162575935
1774	703.514731503122
1775	703.6500051334441
1776	704.373729915721
1777	704.434280594171
1778	704.451624870348
1779	704.4503886294459
1780	704.515825311573
1781	704.5329124238609
1782	704.653015502563
1783	705.3695068727541
1784	705.4462951624
1785	705.440850552939
1786	705.493787556296
1787	705.512718519821
1788	705.530183242077
1789	706.458658691075
1790	706.515845108342
1791	706.5313591545951
1792	706.5485679320759
1793	707.295788767763
1794	707.4023747820551
1795	707.456140566688
1796	707.518330106808
1797	707.528293839261
1798	708.2993283608259
1799	708.457974450855
1800	708.520561684138
1801	708.53144722347
1802	708.546979400246
1803	709.4549388186759
1804	709.462134779933
1805	709.464206364032
1806	709.50866988515
1807	709.522621044952
1808	709.536739261364
1809	709.5360766074181
1810	709.533898652474
1811	709.5439639056509
1812	710.46769127677
1813	710.4900344429901
1814	710.5401281811011
1815	710.539733727492
1816	710.5362027124111
1817	710.547073981129
1818	710.56274229286
1819	710.630334389633
1820	711.395513765979
1821	711.413698430115
1822	711.4707017602091
1823	711.4875406776849
1824	711.5515728223379
1825	711.549548807226
1826	711.559762948884
1827	711.5704636457821
1828	711.633479150861
1829	712.4894663143739
1830	712.55542764403
1831	712.5518008796159
1832	712.5628956356489
1833	712.610073413703
1834	713.2030266226469
1835	713.394245035968
1836	713.4766763450929
1837	713.486085344583
1838	713.565157680641
1839	713.568456382199
1840	713.585898607605
1841	714.480203691019
1842	714.571907118349
1843	714.5892514958389
1844	715.4084626088049
1845	715.445146603655
1846	715.476094494068
1847	715.4922170845731
1848	715.492328875651
1849	715.574821953778
1850	715.585632357598
1851	716.4782513170751
1852	716.58745152743
1853	716.5967751943491
1854	717.2049140021969
1855	717.33626726129
1856	717.431200320795
1857	717.508076821107
1858	717.6172209259109
1859	718.338716279977
1860	718.434539859812
1861	718.511421631443
1862	718.620472764106
1863	718.855294023761
1864	719.220714678744
1865	719.334292242498
1866	719.419727430791
1867	719.4755579290539
1868	719.507184292592
1869	719.5276516183791
1870	719.845692872956
1871	720.22435746891
1872	720.336746439496
1873	721.462446216073
1874	721.5076175608169
1875	721.50583404724
1876	721.530466464837
1877	721.5435616828239
1878	721.599333006631
1879	722.4660352607319
1880	722.5027103870151
1881	722.60278368504
1882	723.269808618607
1883	723.5034879675529
1884	723.5056730306441
1885	723.523128018036
1886	723.6147277108349
1887	723.6058667969
1888	723.6690745931501
1889	724.276990653884
1890	724.506580723557
1891	724.5183868518981
1892	724.618147109156
1893	724.873410477986
1894	724.8725714959061
1895	725.338996831942
1896	725.4387961923511
1897	725.4934831443089
1898	725.509279947666
1899	725.521380031902
1900	725.6212298182311
1901	725.6302813781821
1902	725.8765541406719
1903	726.4467885750549
1904	726.4969940381509
1905	726.53411148661
1906	726.625506715692
1907	726.869556435707
1908	727.336986627841
1909	727.406510314578
1910	727.4999612827839
1911	727.628741244068
1912	728.549705104242
1913	728.8496950200149
1914	729.492884203498
1915	729.5417687850639
1916	730.466979008146
1917	730.507408192702
1918	730.527578767187
1919	730.5513875419209
1920	731.401362549801
1921	731.4702835678689
1922	731.510203577268
1923	731.5307586569929
1924	732.4662055351661
1925	732.512514413662
1926	732.5227129937489
1927	733.387595646814
1928	733.40519822123
1929	733.508670451895
1930	733.525761462978
1931	733.5242209292171
1932	733.6368212988609
1933	734.3908541270239
1934	734.410834975665
1935	734.51101828254
1936	734.497964277527
1937	734.5280021753
1938	734.640233667652
1939	734.828659132968
1940	735.1944464069591
1941	735.477327485966
1942	735.5240106641319
1943	735.546213868683
1944	735.541882169384
1945	735.6144566641541
1946	735.6434140722121
1947	735.724048452562
1948	736.5265957941859
1949	736.5486091870689
1950	736.6180014664751
1951	736.727412186453
1952	737.419147458854
1953	737.4365073663271
1954	737.539683094391
1955	737.567971253196
1956	737.630239299066
1957	738.422684751784
1958	738.571367360327
1959	738.5895521138789
1960	738.672799275709
1961	738.8057587796201
1962	738.889114791987
1963	739.318524949648
1964	739.58280703389
1965	739.6014294491749
1966	739.592832163558
1967	740.428371138829
1968	740.4937078087489
1969	740.586680889939
1970	740.6049728740139
1971	740.846381179282
1972	741.1442074082221
1973	741.2341957822509
1974	741.425781972476
1975	741.4676446394881
1976	741.6080721853059
1977	741.617049268245
1978	742.428069856114
1979	742.472737217858
1980	742.610954815317
1981	743.355797532544
1982	743.599114625448
1983	744.581941423315
1984	745.354353077296
1985	745.457286637307
1986	746.459507646634
1987	747.251972622305
1988	747.365657649883
1989	747.477765944451
1990	748.255542237338
1991	748.52334904834
1992	749.418419768927
1993	749.4930419537201
1994	749.5208575577741
1995	749.6301590273309
1996	750.422120384434
1997	750.496266642034
1998	750.5226054879829
1999	750.539002699315
2000	750.633556046319
2001	751.463287758845
2002	751.508764624663
2003	751.5189128261881
2004	751.536432784743
2005	751.636672517123
2006	751.645764087975
2007	752.512336376875
2008	752.511772017524
2009	752.538387075655
2010	752.5546833514
2011	752.604761766185
2012	752.6491346364661
2013	753.3858646921581
2014	753.393394627083
2015	753.5151015232241
2016	753.5521273455589
2017	753.656895228396
2018	753.6521911799119
2019	753.837817602701
2020	754.389776349098
2021	754.554025512477
2022	755.145896392308
2023	755.38475970886
2024	755.45679810812
2025	756.387959107702
2026	757.16100380346
2027	757.3857646658521
2028	757.417355469536
2029	757.7059614420849
2030	758.421022970955
2031	758.439120807987
2032	758.7093638906559
2033	758.866746022276
2034	759.4158764956171
2035	759.402429846864
2036	759.436624887092
2037	759.546623214096
2038	759.6019475904901
2039	760.418841462063
2040	760.438815315234
2041	760.558345514415
2042	760.605196293664
2043	760.8537697474001
2044	761.2675823505589
2045	761.561485329378
2046	761.562395010306
2047	762.470516336205
2048	762.5649314465719
2049	763.2260327243511
2050	763.467939183886
2051	763.514456651776
2052	763.5773847981039
2053	763.603821534565
2054	763.612709677309
2055	764.4702106118739
2056	764.579836138166
2057	764.609317350539
2058	765.530526225406
2059	765.6068958194439
2060	766.609899055994
2061	767.482789215468
2062	767.6224289903121
2063	768.6254563612489
2064	768.6360633209401
2065	769.265357797512
2066	769.3597354255149
2067	769.6308422303861
2068	769.627587472477
2069	770.369584955403
2070	770.634307193388
2071	771.359494530107
2072	771.434089298108
2073	771.572473163653
2074	771.637477112466
2075	771.630082947146
2076	772.366747766398
2077	772.437631692229
2078	772.5759180436239
2079	773.5881333562919
2080	774.5915291943469
2081	775.28313424388
2082	775.5949041770401
2083	775.610906297028
2084	776.286774337756
2085	776.5180790992099
2086	776.614422626225
2087	776.598317030982
2088	777.451651054528
2089	777.5231164434321
2090	777.524264851595
2091	777.5152405097971
2092	777.6621001018649
2093	778.455116238044
2094	778.5177430893781
2095	778.527620309347
2096	778.533587465415
2097	778.665721408889
2098	779.4579086678721
2099	779.5307350025929
2100	779.5389265963969
2101	780.53317836091
2102	780.5429962586701
2103	780.549424855724
2104	781.5465052757061
2105	781.555898371258
2106	782.559314264281
2107	782.5490204852789
2108	783.5624046095829
2109	784.436045134337
2110	785.3244209140289
2111	785.418802053026
2112	785.604906378768
2113	786.42228593263
2114	786.613538765495
2115	787.2081897951739
2116	787.322663485204
2117	787.6164203914631
2118	787.833492923627
2119	788.467103671453
2120	789.449945413804
2121	789.6838573422721
2122	790.686815257101
2123	791.257255828609
2124	791.686473021991
2125	792.2635346025689
2126	792.6404783940179
2127	792.8609792397549
2128	793.36210340134
2129	793.425980749906
2130	793.4812874729739
2131	793.6375430399181
2132	793.863956154183
2133	794.431312396462
2134	794.4848394233659
2135	794.627536836265
2136	794.654657675942
2137	794.8528322824479
2138	795.349701964175
2139	795.6533906022929
2140	795.70486283163
2141	796.656450619382
2142	796.7080976361419
2143	796.837365076949
2144	797.5291667742309
2145	797.721159656176
2146	798.535985332034
2147	799.568289562536
2148	799.868465564965
2149	801.375417987467
2150	801.856622626176
2151	802.816895009317
2152	803.1815403808929
2153	803.464800340573
2154	803.514995199362
2155	805.4064517194521
2156	805.555568474946
2157	805.661434269709
2158	806.558983241633
2159	806.664831205308
2160	806.8766742583459
2161	807.5702442592641
2162	807.667302940971
2163	808.574333589236
2164	808.8336841944799
2165	809.4553497768151
2166	809.564971397126
2167	810.568528478396
2168	811.395263665623
2169	811.5653962079069
2170	811.6783767558529
2171	812.681820159978
2172	813.6849039880619
2173	814.68772453733
2174	815.2393584517309
2175	815.356992518615
2176	815.465671294496
2177	815.6233718489909
2178	817.355887151436
2179	817.48046388699
2180	819.496025305391
2181	819.593394078348
2182	819.704707951436
2183	820.499586763937
2184	820.596695964353
2185	821.373155404435
2186	821.634192834888
2187	821.6439588962421
2188	821.8257085579261
2189	822.376558649444
2190	822.637110012977
2191	823.133155095573
2192	823.371225930666
2193	823.635994481602
2194	824.13631868024
2195	824.373682376234
2196	825.148242063163
2197	825.404552087102
2198	825.693198481105
2199	826.407886720356
2200	826.6965473686071
2201	826.8544864161349
2202	827.356019710274
2203	827.402585424846
2204	827.5889861385859
2205	827.652273056354
2206	827.731978812577
2207	827.8555354307331
2208	828.405263625605
2209	828.517189190841
2210	828.655659135444
2211	828.7351943615539
2212	828.841897518457
2213	829.343662661539
2214	829.657935711053
2215	830.660636793637
2216	831.600265251801
2217	833.862376150248
2218	834.363711265714
2219	834.568281640528
2220	835.4699833825771
2221	835.6783751672591
2222	835.850092326673
2223	836.583574163814
2224	836.681904298326
2225	837.34736561138
2226	837.586938641841
2227	837.6180498795799
2228	837.690518890155
2229	838.5896946687469
2230	838.621580332112
2231	838.695478464694
2232	839.345966660267
2233	839.421126215617
2234	839.624561175466
2235	839.701771937647
2236	843.2702306201759
2237	843.5252303783619
2238	843.6053824174201
2239	843.617189975188
2240	843.672328399211
2241	843.704996819261
2242	844.2740545681869
2243	845.50985067297
2244	845.63277605761
2245	846.635945665802
2246	847.526160438495
2247	847.6485004896911
2248	849.543231770188
2249	850.5466223665289
2250	851.549785777859
2251	851.6524505161501
2252	852.655931141718
2253	853.592001722168
2254	853.6623353777451
2255	854.598037223949
2256	855.1955188548391
2257	855.82146624394
2258	857.6713318335741
2259	858.674187440992
2260	859.2442583986231
2261	859.677692875659
2262	859.7039746372659
2263	860.681528818884
2264	860.707563702935
2265	860.8484192703329
2266	861.3497808188299
2267	861.68435684696
2268	861.7106501950909
2269	861.851177278511
2270	862.687209815947
2271	862.839328550838
2272	863.337436397228
2273	863.687702637259
2274	864.707816015245
2275	864.8253658295489
2276	865.516392233091
2277	865.711635192307
2278	866.52259135694
2279	866.7132665055091
2280	867.4574906392011
2281	867.706132649971
2282	867.731275492453
2283	867.855911867254
2284	868.3576223433929
2285	868.708915905177
2286	868.7342991497391
2287	869.7125130458479
2288	869.734506323143
2289	869.8439298027839
2290	870.75382670942
2291	870.804618942795
2292	871.678655771668
2293	871.7397518163209
2294	871.739445075085
2295	871.7584292251539
2296	872.681997473265
2297	872.759868740991
2298	873.542801105853
2299	873.648079764944
2300	873.75309451026
2301	873.777224393193
2302	874.65153789662
2303	874.7559098875
2304	874.780060909435
2305	874.864008985052
2306	875.5573907001019
2307	875.759092533679
2308	875.7787581764129
2309	875.865491457735
2310	877.6617859723891
2311	877.711181747334
2312	877.725273759312
2313	878.665254441089
2314	878.7286989889709
2315	879.665929299291
2316	879.798159869178
2317	880.669247017124
2318	880.801487286476
2319	881.672173676092
2320	881.804466776304
2321	883.6109277267431
2322	883.666680681303
2323	883.678724275768
2324	883.7088753158099
2325	884.6821689885589
2326	884.7123025395621
2327	885.4677510031449
2328	885.6861017338251
2329	885.7147896185929
2330	886.690171626263
2331	887.483062363632
2332	887.631900396544
2333	887.709749463781
2334	888.4869742310491
2335	888.713350670583
2336	889.359372027424
2337	889.621327716163
2338	889.7257937691521
2339	889.7544659882691
2340	889.813334448542
2341	890.7292412134441
2342	890.757915095469
2343	891.120112381975
2344	891.3577193966141
2345	891.732634487217
2346	891.7294725260409
2347	892.638160683379
2348	892.735905947486
2349	892.733035354937
2350	893.135061836568
2351	893.390944264532
2352	893.6346706066969
2353	893.680288535685
2354	893.7388309544881
2355	893.7547857239521
2356	894.394028707866
2357	894.637689537256
2358	894.6837697819631
2359	894.759084636837
2360	894.84184845604
2361	895.343455899563
2362	895.637573077173
2363	895.718886787203
2364	895.739471503965
2365	895.771760133418
2366	895.84321238658
2367	896.742944016827
2368	896.775223852284
2369	896.829362469055
2370	897.3310562225951
2371	897.6469559404919
2372	897.75358367482
2373	897.754936698166
2374	897.778464946329
2375	898.684520154713
2376	898.7583600705659
2377	898.7578424047699
2378	898.781546921409
2379	899.587519796066
2380	899.65271849127
2381	899.6816483574651
2382	899.733010861552
2383	899.7690845162781
2384	899.7705188826151
2385	900.65612015032
2386	900.684627148401
2387	900.7734141392909
2388	900.7739409338631
2389	901.657555772466
2390	901.683723200072
2391	901.7804616447479
2392	901.784676670517
2393	901.786082878172
2394	901.849697687554
2395	902.3510986066921
2396	902.659000663709
2397	902.685682710549
2398	902.786044727218
2399	902.788833898398
2400	903.456709438225
2401	903.626854779613
2402	903.665818262367
2403	903.796046691696
2404	903.800190093704
2405	903.8373816205209
2406	904.6693122643
2407	905.605273642719
2408	905.6784035488361
2409	905.699668155707
2410	905.700305750861
2411	905.7273233317801
2412	906.60872770093
2413	906.703111276339
2414	906.703906733114
2415	906.7302064692419
2416	907.611833927836
2417	907.703950626834
2418	907.7012072659751
2419	907.715500619536
2420	907.723800964913
2421	907.7859538544569
2422	908.7051570352111
2423	908.7025909275791
2424	908.719403901965
2425	908.789284001752
2426	908.856757363442
2427	909.7189608167402
2428	909.717754731373
2429	910.7214069243199
2430	911.257604770234
2431	911.512450078388
2432	911.6805372840302
2433	911.745528861945
2434	912.748978027104
2435	913.498904169202
2436	913.582786212487
2437	913.7498035235719
2438	913.832115723226
2439	914.750591244344
2440	914.8354727398939
2441	915.598586855762
2442	915.628167384999
2443	915.7292235088499
2444	915.766202320791
2445	916.6019447790599
2446	916.631378086067
2447	916.73271554188
2448	916.768563231895
2449	917.5303724223751
2450	917.735779082731
2451	917.744727731745
2452	917.7553446047699
2453	918.533744528477
2454	918.7482457975971
2455	919.6410442861489
2456	919.751251589348
2457	919.760107284836
2458	919.769677303602
2459	920.763762441653
2460	921.5792908780479
2461	921.673154279113
2462	921.786265901514
2463	922.5848741256401
2464	922.789925989119
2465	923.733279170554
2466	923.7544035134
2467	923.8091861654199
2468	924.736811037717
2469	924.7576452815449
2470	925.658673347995
2471	925.739731300132
2472	925.7485790087829
2473	926.751901519627
2474	927.763819327144
2475	927.7550083429629
2476	928.7672149711279
2477	928.8356398777839
2478	929.3369938748191
2479	929.671555971863
2480	929.70010944075
2481	929.779222352748
2482	929.805715649039
2483	929.8382354524459
2484	930.6745249881441
2485	930.703674775915
2486	930.8263947124409
2487	931.324657336875
2488	931.6581905192821
2489	931.701214777209
2490	931.715183931986
2491	932.661110989937
2492	932.7026707486909
2493	932.719186441825
2494	932.813008259512
2495	933.5036191618469
2496	933.720296187608
2497	933.7295178818559
2498	933.8132035322801
2499	934.262659429382
2500	934.50931667762
2501	934.734677264037
2502	935.718233761105
2503	935.736485191445
2504	935.8431413808161
2505	936.34463127212
2506	937.33080655929
2507	937.8310537167171
2508	938.708950995846
2509	939.728977187843
2510	939.746844374317
2511	940.723565093105
2512	940.732404912653
2513	940.752657363073
2514	941.530468196241
2515	941.6768617790269
2516	941.727433988544
2517	941.7444814832719
2518	941.735565661514
2519	941.764125809006
2520	941.760683220125
2521	941.7623138417599
2522	942.680517467363
2523	942.748000521345
2524	942.767025608872
2525	942.7681613621891
2526	942.851124726015
2527	943.544253908727
2528	943.675898564106
2529	943.69842024231
2530	943.7511430134771
2531	943.759999426985
2532	943.776220224732
2533	943.777727157834
2534	943.8518218603709
2535	944.678004090688
2536	944.701962833678
2537	944.7634926216319
2538	944.7809660831149
2539	944.7842921285809
2540	945.648969418496
2541	945.7119815522619
2542	945.712376664191
2543	945.766727481143
2544	945.775445169526
2545	945.7918451947121
2546	946.652512724765
2547	946.716270035813
2548	946.779104975262
2549	947.653264113971
2550	947.6528459926731
2551	947.785341335706
2552	947.7821341082989
2553	947.802164870222
2554	948.65652372518
2555	948.653187251558
2556	949.6713067222801
2557	949.816091145242
2558	950.674584053344
2559	951.5748454565759
2560	951.677429367869
2561	951.666125968261
2562	951.705476713889
2563	951.695507199739
2564	952.578063441672
2565	952.669498122401
2566	952.680066526827
2567	952.708971634147
2568	953.6748945942301
2569	953.706183954976
2570	953.7209239434289
2571	954.703814717607
2572	954.7242426964881
2573	955.469999141461
2574	955.7075771568401
2575	955.736619229318
2576	956.71901849328
2577	956.739850554933
2578	957.722544427359
2579	957.713009288666
2580	957.735034751405
2581	957.7410211905001
2582	958.716533758436
2583	958.734780444851
2584	958.744771130654
2585	959.1067227271781
2586	959.6604216591769
2587	959.7205706347889
2588	959.7377706567211
2589	960.662470519341
2590	960.7502143095801
2591	960.7406747571049
2592	961.121809870141
2593	961.604283321584
2594	961.620901866553
2595	961.6673912795579
2596	962.6075366843801
2597	962.6707327764971
2598	962.828961093936
2599	963.330568882301
2600	963.610630880632
2601	963.75899377033
2602	963.8299838020951
2603	964.5971022035229
2604	964.762540784487
2605	964.8164984341721
2606	965.318273630508
2607	965.596530915165
2608	965.6768393636689
2609	965.707290981369
2610	965.765595513988
2611	966.597310792583
2612	966.6613587039169
2613	966.680044981186
2614	967.5746879454119
2615	967.640039820093
2616	967.675987329108
2617	967.692227261509
2618	967.6913062254171
2619	968.645314214846
2620	968.678269519756
2621	968.6956638473661
2622	969.6768737052749
2623	969.693653378797
2624	969.7077778280141
2625	969.836784432299
2626	970.3381463085719
2627	970.6777284363429
2628	970.694632713266
2629	970.711177321547
2630	971.694383425428
2631	971.723115587061
2632	971.708760745798
2633	971.7905286923469
2634	971.8243517806261
2635	972.6442615479041
2636	972.7265449894251
2637	972.710654117018
2638	972.794010663051
2639	973.592315944216
2640	973.6865753277671
2641	973.7087610689971
2642	973.7255629251781
2643	974.595864796997
2644	974.6919242452991
2645	974.712143272807
2646	974.726183074047
2647	975.68335167858
2648	975.705656186848
2649	975.7152020252851
2650	976.686461254622
2651	976.709109378602
2652	976.843851889269
2653	977.7065260199789
2654	977.721009540729
2655	978.593789549215
2656	978.7079229670551
2657	978.7244728559481
2658	979.7103607215109
2659	979.7219253748891
2660	979.732718328767
2661	979.736301691337
2662	979.8649866437199
2663	980.7233556493559
2664	980.738189627112
2665	980.7395676261839
2666	980.868355403234
2667	981.725769604922
2668	981.739932967659
2669	981.751684780657
2670	981.818878109358
2671	982.739358864077
2672	982.7553014236839
2673	983.6648525172051
2674	983.6804730568319
2675	983.7367071776911
2676	983.752749681718
2677	983.766908229657
2678	984.6821110687371
2679	984.739815215949
2680	984.7543937115289
2681	984.7547716832111
2682	984.770368305987
2683	985.517371682833
2684	985.7421300695621
2685	985.752265783402
2686	986.520969656227
2687	986.755431354321
2688	987.620141865492
2689	987.757908879746
2690	987.767928711299
2691	988.6834591776241
2692	988.770927882809
2693	989.566585032798
2694	989.628031586283
2695	989.687155866573
2696	989.682716595516
2697	989.7277876144369
2698	989.7739091490621
2699	990.571795004828
2700	990.6986635429511
2701	990.6841188538721
2702	990.686083139284
2703	990.729650433596
2704	990.777814225244
2705	991.678846481338
2706	991.6856740358099
2707	991.6874298646429
2708	991.7024378088021
2709	992.678969010976
2710	992.695467872272
2711	992.7142306605909
2712	993.699037157728
2713	993.718065929637
2714	994.696470640406
2715	994.711033670954
2716	995.697833161192
2717	995.714365200672
2718	996.71197608224
2719	996.7264208142099
2720	996.8226173035499
2721	997.324000847124
2722	997.713231792289
2723	997.729823501398
2724	997.824942984832
2725	998.7274878602199
2726	998.7417780704849
2727	998.8130483002969
2728	999.311882626199
2729	999.7288469238721
2730	999.745202128384
2731	999.8215284789819
2732	1000.7267266079901
2733	1000.7431634990199
2734	1000.80021701331
2735	1001.4909334273
2736	1001.7295233864199
2737	1001.74450168032
2738	1001.80076316358
2739	1003.8299385878199
2740	1003.86428500291
2741	1004.33170025011
2742	1004.86776761194
2743	1005.8179101885801
2744	1005.87820660821
2745	1006.88203423566
2746	1010.83799310351
2747	1011.8378982467801
2748	1011.89518929252
2749	1014.80271319446
2750	1015.6407346422801
2751	1015.7892706582401
2752	1016.6438915033999
2753	1017.80300325289
2754	1019.6528744377301
2755	1019.71004752086
2756	1019.71400654488
2757	1020.65638683672
2758	1020.71327091635
2759	1020.71644918444
2760	1021.7141441191199
2761	1021.72910577009
2762	1022.7317382587801
2763	1023.7295010385001
2764	1023.7447132043
2765	1024.74685092871
2766	1025.69968448448
2767	1026.70332226483
2768	1027.0933610478698
2769	1027.74459857821
2770	1029.10843845602
2771	1029.6544459685401
2772	1030.81575505565
2773	1031.3174188105802
2774	1031.74615346986
2775	1031.8155032308
2776	1032.74958809742
2777	1032.8034679545801
2778	1033.30521124935
2779	1033.75312449017
2780	1035.67817962049
2781	1035.70481489952
2782	1036.7046078374099
2783	1037.82350224583
2784	1038.3251105777001
2785	1039.5913320634
2786	1039.81109938759
2787	1040.5948191517
2788	1041.57952511443
2789	1041.58981647817
2790	1041.6739241258301
2791	1041.69577813971
2792	1042.58301685376
2793	1042.59222032348
2794	1042.69923255556
2795	1043.58876260884
2796	1043.70199721179
2797	1044.59008379218
2798	1044.83011690771
2799	1045.63819191999
2800	1047.63693627961
2801	1047.71989775759
2802	1047.85202558806
2803	1048.85552041895
2804	1051.54607921205
2805	1051.65229795104
2806	1053.50425944437
2807	1057.55383251036
2808	1057.67002020106
2809	1057.7610645048599
2810	1058.6760412182302
2811	1059.6273195480999
2812	1063.73616746834
2813	1063.95824903311
2814	1064.80934457036
2815	1064.96160078552
2816	1065.3108102572999
2817	1065.81140198773
2818	1065.9648334144802
2819	1066.79981200759
2820	1067.29873996561
2821	1067.90538831759
2822	1068.78757529886
2823	1068.90852879881
2824	1069.9090250304303
2825	1071.81616621325
2826	1072.31835452635
2827	1072.8089078272199
2828	1073.80467282338
2829	1073.9260193484
2830	1074.92932095848
2831	1078.82463191121
2832	1079.7307359819501
2833	1080.73046272737
2834	1082.78930794095
2835	1083.88240402502
2836	1084.88592470223
2837	1089.89977374716
2838	1090.90313456835
2839	1091.90635457344
2840	1092.90900232614
2841	1093.68659450782
2842	1098.80227856764
2843	1099.30144556261
2844	1099.7334953958
2845	1099.8014327835
2846	1099.85574973768
2847	1100.79034700667
2848	1101.28610815148
2849	1105.8097051788302
2850	1105.8734712437101
2851	1105.95295668207
2852	1106.3114966797698
2853	1106.8770639666802
2854	1107.57767185603
2855	1107.8797831613
2856	1108.76634807962
2857	1109.57666404247
2858	1109.6823967680803
2859	1110.6860547747801
2860	1112.81564130226
2861	1113.89970974875
2862	1114.80293122886
2863	1114.90316461765
2864	1115.83934639084
2865	1115.91024881789
2866	1116.91529380075
2867	1124.75706786608
2868	1131.94556745347
2869	1132.79597430715
2870	1132.94916954335
2871	1133.2974658892401
2872	1133.79790774323
2873	1134.78664481596
2874	1136.7756443618
2875	1138.78537820922
2876	1139.80224798111
2877	1140.30500641573
2878	1141.79092498901
2879	1143.91287321482
2880	1146.81110256843
2881	1150.77581450978
2882	1151.78640071138
2883	1152.7907803580902
2884	1157.8870473214
2885	1158.8905443096698
2886	1159.8969464121801
2887	1163.90635616913
2888	1164.90929837497
2889	1165.91056337577
2890	1166.7888224558
2891	1167.2904879910302
2892	1167.78499326381
2893	1167.9321119945698
2894	1168.77878355522
2895	1168.935099909
2896	1169.78175508233
2897	1169.9279918044301
2898	1170.9308969345698
2899	1171.96884082184
2900	1172.97199376289
2901	1173.75962689946
2902	1173.79596187364
2903	1173.97301397262
2904	1174.29610761199
2905	1174.7632040589
2906	1175.2879415337402
2907	1175.78429059854
2908	1175.77537604016
2909	1175.99492211196
2910	1176.77880680145
2911	1177.7822269853
2912	1177.99082108779
2913	1178.9935925607901
2914	1179.88346552144
2915	1180.80172431851
2916	1180.88672415007
2917	1182.78915986729
2918	1184.76924020769
2919	1185.9006618467802
2920	1186.9041237427198
2921	1187.90785891965
2922	1187.9454812874199
2923	1188.9118732129
2924	1188.94906240579
2925	1189.95197724574
2926	1193.96342286072
2927	1194.96682180285
2928	1195.8121072026402
2929	1195.85688053479
2930	1195.9702713842098
2931	1196.8597149511302
2932	1196.9733779185099
2933	1197.8611304813198
2934	1200.7825251986599
2935	1201.2840652182401
2936	1201.7845266958802
2937	1201.8744956216601
2938	1202.0243037170599
2939	1202.7737957714999
2940	1202.87803530565
2941	1203.02799228377
2942	1203.88004503974
2943	1203.91966771953
2944	1204.03106202177
2945	1204.76399615705
2946	1204.9224212295098
